codon,amino_acid
AUG,Methionine
UUU,Phenylalanine
UUC,Phenylalanine
UUA,Leucine
UUG,Leucine
CUU,Leucine
CUC,Leucine
CUA,Leucine
CUG,Leucine
AUU,Isoleucine
AUC,Isoleucine
AUA,Isoleucine
GUU,Valine
GUC,Valine
GUA,Valine
GUG,Valine
UCU,Serine
UCC,Serine
UCA,Serine
UCG,Serine
AGU,Serine
AGC,Serine
CCU,Proline
CCC,Proline
CCA,Proline
CCG,Proline
ACU,Threonine
ACC,Threonine
ACA,Threonine
ACG,Threonine
GCU,Alanine
GCC,Alanine
GCA,Alanine
GCG,Alanine
UAU,Tyrosine
UAC,Tyrosine
CAU,Histidine
CAC,Histidine
CAA,Glutamine
CAG,Glutamine
AAU,Asparagine
AAC,Asparagine
AAA,Lysine
AAG,Lysine
GAU,Aspartic_acid
GAC,Aspartic_acid
GAA,Glutamic_acid
GAG,Glutamic_acid
UGU,Cysteine
UGC,Cysteine
UGG,Tryptophan
CGU,Arginine
CGC,Arginine
CGA,Arginine
CGG,Arginine
AGA,Arginine
AGG,Arginine
GGU,Glycine
GGC,Glycine
GGA,Glycine
GGG,Glycine
UAA,STOP
UAG,STOP
UGA,STOP